{"vertices": [-1, -1, -1, -1, -1, 1, -1, 1, 1, -1, 1, 1, -1, 1, -1, -1, -1, -1, -1, -1, -1, -1, 1, -1, 1, 1, -1, 1, 1, -1, 1, -1, -1, -1, -1, -1, -1, -1, -1, 1, -1, -1, 1, -1, 1, 1, -1, 1, 1, -1, -1, -1, -1, -1, 1, 1, 1, -1, -1, 1, -1, 1, 1, -1, 1, 1, -1, 1, -1, -1, -1, -1, -1, -1, -1, -1, 1, -1, 1, 1, -1, 1, 1, -1, 1, -1, -1, -1, -1, -1, -1, -1, -1, 1, -1, -1, 1, -1, 1, 1, -1, 1, 1, -1, -1, 1, 1, 1], "colors": [0.9370701625465279, 1.0, 0.0, 1.0, 0.9370701625465279, 1.0, 0.0, 1.0, 0.9370701625465279, 1.0, 0.0, 1.0, 1.0, 0.9891856041076208, 0.0, 1.0, 1.0, 0.9891856041076208, 0.0, 1.0, 1.0, 0.9891856041076208, 0.0, 1.0, 0.7222234390051057, 0.0, 1.0, 1.0, 0.7222234390051057, 0.0, 1.0, 1.0, 0.7222234390051057, 0.0, 1.0, 1.0, 0.0, 1.0, 0.9677841136588841, 1.0, 0.0, 1.0, 0.9677841136588841, 1.0, 0.0, 1.0, 0.9677841136588841, 1.0, 0.817209131631905, 1.0, 0.0, 1.0, 0.817209131631905, 1.0, 0.0, 1.0, 0.817209131631905, 1.0, 0.0, 1.0, 1.0, 0.0, 0.03374797854318334, 1.0, 1.0, 0.0, 0.03374797854318334, 1.0, 1.0, 0.0, 0.03374797854318334, 1.0, 0.3150162080200538, 1.0, 0.0, 1.0, 0.3150162080200538, 1.0, 0.0, 1.0, 0.3150162080200538, 1.0, 0.0, 1.0, 0.8487377168651646, 1.0, 0.0, 1.0, 0.8487377168651646, 1.0, 0.0, 1.0, 0.8487377168651646, 1.0, 0.0, 1.0, 0.0, 0.7899945519677862, 1.0, 1.0, 0.0, 0.7899945519677862, 1.0, 1.0, 0.0, 0.7899945519677862, 1.0, 1.0, 0.0, 0.37585958947833786, 1.0, 1.0, 0.0, 0.37585958947833786, 1.0, 1.0, 0.0, 0.37585958947833786, 1.0, 1.0, 1.0, 0.0, 0.36308874187608264, 1.0, 1.0, 0.0, 0.36308874187608264, 1.0, 1.0, 0.0, 0.36308874187608264, 1.0, 0.40709661086144977, 1.0, 0.0, 1.0, 0.40709661086144977, 1.0, 0.0, 1.0, 0.40709661086144977, 1.0, 0.0, 1.0, 1.0, 0.0, 0.9283645721989782, 1.0, 1.0, 0.0, 0.9283645721989782, 1.0, 1.0, 0.0, 0.9283645721989782, 1.0, 1.0, 0.3085116558054175, 0.0, 1.0, 1.0, 0.3085116558054175, 0.0, 1.0, 1.0, 0.3085116558054175, 0.0, 1.0, 0.340344943365797, 0.0, 1.0, 1.0, 0.340344943365797, 0.0, 1.0, 1.0, 0.340344943365797, 0.0, 1.0, 1.0, 0.0, 1.0, 0.5934135900104316, 1.0, 0.0, 1.0, 0.5934135900104316, 1.0, 0.0, 1.0, 0.5934135900104316, 1.0, 0.9821742645269396, 1.0, 0.0, 1.0, 0.9821742645269396, 1.0, 0.0, 1.0, 0.9821742645269396, 1.0, 0.0, 1.0, 1.0, 0.9884637283704565, 0.0, 1.0, 1.0, 0.9884637283704565, 0.0, 1.0, 1.0, 0.9884637283704565, 0.0, 1.0, 1.0, 0.0, 0.7501926900063172, 1.0, 1.0, 0.0, 0.7501926900063172, 1.0, 1.0, 0.0, 0.7501926900063172, 1.0, 0.16524400894601232, 1.0, 0.0, 1.0, 0.16524400894601232, 1.0, 0.0, 1.0, 0.16524400894601232, 1.0, 0.0, 1.0, 0.23405203501927385, 0.0, 1.0, 1.0, 0.23405203501927385, 0.0, 1.0, 1.0, 0.23405203501927385, 0.0, 1.0, 1.0, 1.0, 0.024972312309193168, 0.0, 1.0, 1.0, 0.024972312309193168, 0.0, 1.0, 1.0, 0.024972312309193168, 0.0, 1.0, 0.0, 1.0, 0.3894233281391397, 1.0, 0.0, 1.0, 0.3894233281391397, 1.0, 0.0, 1.0, 0.3894233281391397, 1.0, 1.0, 0.0, 0.4442512226637181, 1.0, 1.0, 0.0, 0.4442512226637181, 1.0, 1.0, 0.0, 0.4442512226637181, 1.0, 0.0, 0.11799465704877976, 1.0, 1.0, 0.0, 0.11799465704877976, 1.0, 1.0, 0.0, 0.11799465704877976, 1.0, 1.0, 1.0, 0.9882782537330306, 0.0, 1.0, 1.0, 0.9882782537330306, 0.0, 1.0, 1.0, 0.9882782537330306, 0.0, 1.0, 0.0, 1.0, 0.8020956978537339, 1.0, 0.0, 1.0, 0.8020956978537339, 1.0, 0.0, 1.0, 0.8020956978537339, 1.0, 0.4841168697308902, 0.0, 1.0, 1.0, 0.4841168697308902, 0.0, 1.0, 1.0, 0.4841168697308902, 0.0, 1.0, 1.0, 0.0, 0.009567897290241323, 1.0, 1.0, 0.0, 0.009567897290241323, 1.0, 1.0, 0.0, 0.009567897290241323, 1.0, 1.0, 1.0, 0.0, 0.30524707731891976, 1.0, 1.0, 0.0, 0.30524707731891976, 1.0, 1.0, 0.0, 0.30524707731891976, 1.0, 0.9062723177854659, 1.0, 0.0, 1.0, 0.9062723177854659, 1.0, 0.0, 1.0, 0.9062723177854659, 1.0, 0.0, 1.0, 1.0, 0.11054828661564908, 0.0, 1.0, 1.0, 0.11054828661564908, 0.0, 1.0, 1.0, 0.11054828661564908, 0.0, 1.0, 1.0, 0.6395698836590931, 0.0, 1.0, 1.0, 0.6395698836590931, 0.0, 1.0, 1.0, 0.6395698836590931, 0.0, 1.0, 1.0, 0.0, 0.23603473242424755, 1.0, 1.0, 0.0, 0.23603473242424755, 1.0, 1.0, 0.0, 0.23603473242424755, 1.0, 0.0, 0.43438249831490694, 1.0, 1.0, 0.0, 0.43438249831490694, 1.0, 1.0, 0.0, 0.43438249831490694, 1.0, 1.0, 0.0, 1.0, 0.76982670688112, 1.0, 0.0, 1.0, 0.76982670688112, 1.0, 0.0, 1.0, 0.76982670688112, 1.0]}